{
  "Total" : {
    "transaction" : "Total",
    "sampleCount" : 500,
    "errorCount" : 0,
    "errorPct" : 0.0,
    "meanResTime" : 15.337999999999992,
    "medianResTime" : 8.0,
    "minResTime" : 7.0,
    "maxResTime" : 531.0,
    "pct1ResTime" : 29.0,
    "pct2ResTime" : 31.0,
    "pct3ResTime" : 256.0000000000009,
    "throughput" : 102.71158586688578,
    "receivedKBytesPerSec" : 127.74071423069022,
    "sentKBytesPerSec" : 13.741686781018897
  },
  "Carga Formulario Peso" : {
    "transaction" : "Carga Formulario Peso",
    "sampleCount" : 500,
    "errorCount" : 0,
    "errorPct" : 0.0,
    "meanResTime" : 15.337999999999992,
    "medianResTime" : 8.0,
    "minResTime" : 7.0,
    "maxResTime" : 531.0,
    "pct1ResTime" : 29.0,
    "pct2ResTime" : 31.0,
    "pct3ResTime" : 256.0000000000009,
    "throughput" : 102.71158586688578,
    "receivedKBytesPerSec" : 127.74071423069022,
    "sentKBytesPerSec" : 13.741686781018897
  }
}